"hamtad_utc","liga","avspark_utc","hemmalag","bortalag","bookmaker","uppdaterad","marknad","utfall","odds"
"2026-10-09T17:04:34Z","soccer_efl_champ","2026-10-09T19:00:00Z","West Ham United","Queens Park Rangers","winamax_fr","2026-10-09T17:03:55Z","h2h","Queens Park Rangers","5.6"
"2026-10-09T17:04:34Z","soccer_efl_champ","2026-10-09T19:00:00Z","West Ham United","Queens Park Rangers","winamax_fr","2026-10-09T17:03:55Z","h2h","West Ham United","1.37"
"2026-10-09T17:04:34Z","soccer_efl_champ","2026-10-09T19:00:00Z","West Ham United","Queens Park Rangers","winamax_fr","2026-10-09T17:03:55Z","h2h","Draw","4.8"
"2026-10-09T17:04:34Z","soccer_efl_champ","2026-10-09T19:00:00Z","West Ham United","Queens Park Rangers","onexbet","2026-10-09T17:03:20Z","h2h","Queens Park Rangers","6.55"
"2026-10-09T17:04:34Z","soccer_efl_champ","2026-10-09T19:00:00Z","West Ham United","Queens Park Rangers","onexbet","2026-10-09T17:03:20Z","h2h","West Ham United","1.41"
"2026-10-09T17:04:34Z","soccer_efl_champ","2026-10-09T19:00:00Z","West Ham United","Queens Park Rangers","onexbet","2026-10-09T17:03:20Z","h2h","Draw","4.8"
"2026-10-09T17:04:34Z","soccer_efl_champ","2026-10-09T19:00:00Z","West Ham United","Queens Park Rangers","codere_it","2026-10-09T17:04:29Z","h2h","Queens Park Rangers","6.4"
"2026-10-09T17:04:34Z","soccer_efl_champ","2026-10-09T19:00:00Z","West Ham United","Queens Park Rangers","codere_it","2026-10-09T17:04:29Z","h2h","West Ham United","1.43"
"2026-10-09T17:04:34Z","soccer_efl_champ","2026-10-09T19:00:00Z","West Ham United","Queens Park Rangers","codere_it","2026-10-09T17:04:29Z","h2h","Draw","5.0"
"2026-10-09T17:04:34Z","soccer_efl_champ","2026-10-09T19:00:00Z","West Ham United","Queens Park Rangers","betinia_se","2026-10-09T17:04:09Z","h2h","Queens Park Rangers","6.33"
"2026-10-09T17:04:34Z","soccer_efl_champ","2026-10-09T19:00:00Z","West Ham United","Queens Park Rangers","betinia_se","2026-10-09T17:04:09Z","h2h","West Ham United","1.44"
"2026-10-09T17:04:34Z","soccer_efl_champ","2026-10-09T19:00:00Z","West Ham United","Queens Park Rangers","betinia_se","2026-10-09T17:04:09Z","h2h","Draw","5.0"
"2026-10-09T17:04:34Z","soccer_efl_champ","2026-10-09T19:00:00Z","West Ham United","Queens Park Rangers","unibet_fr","2026-10-09T17:03:54Z","h2h","Queens Park Rangers","5.9"
"2026-10-09T17:04:34Z","soccer_efl_champ","2026-10-09T19:00:00Z","West Ham United","Queens Park Rangers","unibet_fr","2026-10-09T17:03:54Z","h2h","West Ham United","1.31"
"2026-10-09T17:04:34Z","soccer_efl_champ","2026-10-09T19:00:00Z","West Ham United","Queens Park Rangers","unibet_fr","2026-10-09T17:03:54Z","h2h","Draw","4.6"
"2026-10-09T17:04:34Z","soccer_efl_champ","2026-10-09T19:00:00Z","West Ham United","Queens Park Rangers","hajper_se","2026-10-09T17:03:54Z","h2h","Queens Park Rangers","6.4"
"2026-10-09T17:04:34Z","soccer_efl_champ","2026-10-09T19:00:00Z","West Ham United","Queens Park Rangers","hajper_se","2026-10-09T17:03:54Z","h2h","West Ham United","1.42"
"2026-10-09T17:04:34Z","soccer_efl_champ","2026-10-09T19:00:00Z","West Ham United","Queens Park Rangers","hajper_se","2026-10-09T17:03:54Z","h2h","Draw","5.0"
"2026-10-09T17:04:34Z","soccer_efl_champ","2026-10-09T19:00:00Z","West Ham United","Queens Park Rangers","campobet_se","2026-10-09T17:04:09Z","h2h","Queens Park Rangers","6.33"
"2026-10-09T17:04:34Z","soccer_efl_champ","2026-10-09T19:00:00Z","West Ham United","Queens Park Rangers","campobet_se","2026-10-09T17:04:09Z","h2h","West Ham United","1.44"
"2026-10-09T17:04:34Z","soccer_efl_champ","2026-10-09T19:00:00Z","West Ham United","Queens Park Rangers","campobet_se","2026-10-09T17:04:09Z","h2h","Draw","5.0"
"2026-10-09T17:04:34Z","soccer_efl_champ","2026-10-09T19:00:00Z","West Ham United","Queens Park Rangers","betclic_fr","2026-10-09T16:58:13Z","h2h","Queens Park Rangers","6.1"
"2026-10-09T17:04:34Z","soccer_efl_champ","2026-10-09T19:00:00Z","West Ham United","Queens Park Rangers","betclic_fr","2026-10-09T16:58:13Z","h2h","West Ham United","1.37"
"2026-10-09T17:04:34Z","soccer_efl_champ","2026-10-09T19:00:00Z","West Ham United","Queens Park Rangers","betclic_fr","2026-10-09T16:58:13Z","h2h","Draw","4.8"
"2026-10-09T17:04:34Z","soccer_efl_champ","2026-10-09T19:00:00Z","West Ham United","Queens Park Rangers","winamax_de","2026-10-09T17:03:42Z","h2h","Queens Park Rangers","5.8"
"2026-10-09T17:04:34Z","soccer_efl_champ","2026-10-09T19:00:00Z","West Ham United","Queens Park Rangers","winamax_de","2026-10-09T17:03:42Z","h2h","West Ham United","1.39"
"2026-10-09T17:04:34Z","soccer_efl_champ","2026-10-09T19:00:00Z","West Ham United","Queens Park Rangers","winamax_de","2026-10-09T17:03:42Z","h2h","Draw","4.9"
"2026-10-09T17:04:34Z","soccer_efl_champ","2026-10-09T19:00:00Z","West Ham United","Queens Park Rangers","betfair_ex_eu","2026-10-09T17:04:26Z","h2h","Queens Park Rangers","7.0"
"2026-10-09T17:04:34Z","soccer_efl_champ","2026-10-09T19:00:00Z","West Ham United","Queens Park Rangers","betfair_ex_eu","2026-10-09T17:04:26Z","h2h","West Ham United","1.47"
"2026-10-09T17:04:34Z","soccer_efl_champ","2026-10-09T19:00:00Z","West Ham United","Queens Park Rangers","betfair_ex_eu","2026-10-09T17:04:26Z","h2h","Draw","5.5"
"2026-10-09T17:04:34Z","soccer_efl_champ","2026-10-09T19:00:00Z","West Ham United","Queens Park Rangers","betfair_ex_eu","2026-10-09T17:04:26Z","h2h_lay","Queens Park Rangers","7.2"
"2026-10-09T17:04:34Z","soccer_efl_champ","2026-10-09T19:00:00Z","West Ham United","Queens Park Rangers","betfair_ex_eu","2026-10-09T17:04:26Z","h2h_lay","West Ham United","1.48"
"2026-10-09T17:04:34Z","soccer_efl_champ","2026-10-09T19:00:00Z","West Ham United","Queens Park Rangers","betfair_ex_eu","2026-10-09T17:04:26Z","h2h_lay","Draw","5.6"
"2026-10-09T17:04:34Z","soccer_efl_champ","2026-10-09T19:00:00Z","West Ham United","Queens Park Rangers","sport888","2026-10-09T17:04:09Z","h2h","Queens Park Rangers","6.0"
"2026-10-09T17:04:34Z","soccer_efl_champ","2026-10-09T19:00:00Z","West Ham United","Queens Park Rangers","sport888","2026-10-09T17:04:09Z","h2h","West Ham United","1.4"
"2026-10-09T17:04:34Z","soccer_efl_champ","2026-10-09T19:00:00Z","West Ham United","Queens Park Rangers","sport888","2026-10-09T17:04:09Z","h2h","Draw","4.8"
"2026-10-09T17:04:34Z","soccer_efl_champ","2026-10-09T19:00:00Z","West Ham United","Queens Park Rangers","williamhill","2026-10-09T17:04:09Z","h2h","Queens Park Rangers","6.0"
"2026-10-09T17:04:34Z","soccer_efl_champ","2026-10-09T19:00:00Z","West Ham United","Queens Park Rangers","williamhill","2026-10-09T17:04:09Z","h2h","West Ham United","1.4"
"2026-10-09T17:04:34Z","soccer_efl_champ","2026-10-09T19:00:00Z","West Ham United","Queens Park Rangers","williamhill","2026-10-09T17:04:09Z","h2h","Draw","4.8"
"2026-10-09T17:04:34Z","soccer_efl_champ","2026-10-09T19:00:00Z","West Ham United","Queens Park Rangers","sport888_se","2026-10-09T17:04:29Z","h2h","Queens Park Rangers","6.0"
"2026-10-09T17:04:34Z","soccer_efl_champ","2026-10-09T19:00:00Z","West Ham United","Queens Park Rangers","sport888_se","2026-10-09T17:04:29Z","h2h","West Ham United","1.4"
"2026-10-09T17:04:34Z","soccer_efl_champ","2026-10-09T19:00:00Z","West Ham United","Queens Park Rangers","sport888_se","2026-10-09T17:04:29Z","h2h","Draw","4.8"
"2026-10-09T17:04:34Z","soccer_efl_champ","2026-10-09T19:00:00Z","West Ham United","Queens Park Rangers","mrgreen_se","2026-10-09T17:04:12Z","h2h","Queens Park Rangers","6.0"
"2026-10-09T17:04:34Z","soccer_efl_champ","2026-10-09T19:00:00Z","West Ham United","Queens Park Rangers","mrgreen_se","2026-10-09T17:04:12Z","h2h","West Ham United","1.4"
"2026-10-09T17:04:34Z","soccer_efl_champ","2026-10-09T19:00:00Z","West Ham United","Queens Park Rangers","mrgreen_se","2026-10-09T17:04:12Z","h2h","Draw","4.8"
"2026-10-09T17:04:34Z","soccer_efl_champ","2026-10-09T19:00:00Z","West Ham United","Queens Park Rangers","tipico_de","2026-10-09T17:04:11Z","h2h","Queens Park Rangers","6.5"
"2026-10-09T17:04:34Z","soccer_efl_champ","2026-10-09T19:00:00Z","West Ham United","Queens Park Rangers","tipico_de","2026-10-09T17:04:11Z","h2h","West Ham United","1.37"
"2026-10-09T17:04:34Z","soccer_efl_champ","2026-10-09T19:00:00Z","West Ham United","Queens Park Rangers","tipico_de","2026-10-09T17:04:11Z","h2h","Draw","4.9"
"2026-10-09T17:04:34Z","soccer_efl_champ","2026-10-09T19:00:00Z","West Ham United","Queens Park Rangers","pinnacle","2026-10-09T17:04:25Z","h2h","Queens Park Rangers","6.57"
"2026-10-09T17:04:34Z","soccer_efl_champ","2026-10-09T19:00:00Z","West Ham United","Queens Park Rangers","pinnacle","2026-10-09T17:04:25Z","h2h","West Ham United","1.43"
"2026-10-09T17:04:34Z","soccer_efl_champ","2026-10-09T19:00:00Z","West Ham United","Queens Park Rangers","pinnacle","2026-10-09T17:04:25Z","h2h","Draw","5.32"
"2026-10-09T17:04:34Z","soccer_efl_champ","2026-10-09T19:00:00Z","West Ham United","Queens Park Rangers","nordicbet","2026-10-09T17:04:09Z","h2h","Queens Park Rangers","6.9"
"2026-10-09T17:04:34Z","soccer_efl_champ","2026-10-09T19:00:00Z","West Ham United","Queens Park Rangers","nordicbet","2026-10-09T17:04:09Z","h2h","West Ham United","1.44"
"2026-10-09T17:04:34Z","soccer_efl_champ","2026-10-09T19:00:00Z","West Ham United","Queens Park Rangers","nordicbet","2026-10-09T17:04:09Z","h2h","Draw","4.59"
"2026-10-09T17:04:34Z","soccer_efl_champ","2026-10-09T19:00:00Z","West Ham United","Queens Park Rangers","betsson","2026-10-09T17:03:57Z","h2h","Queens Park Rangers","6.8"
"2026-10-09T17:04:34Z","soccer_efl_champ","2026-10-09T19:00:00Z","West Ham United","Queens Park Rangers","betsson","2026-10-09T17:03:57Z","h2h","West Ham United","1.43"
"2026-10-09T17:04:34Z","soccer_efl_champ","2026-10-09T19:00:00Z","West Ham United","Queens Park Rangers","betsson","2026-10-09T17:03:57Z","h2h","Draw","4.55"
"2026-10-09T17:04:34Z","soccer_efl_champ","2026-10-09T19:00:00Z","West Ham United","Queens Park Rangers","coolbet","2026-10-09T17:03:57Z","h2h","Queens Park Rangers","7.0"
"2026-10-09T17:04:34Z","soccer_efl_champ","2026-10-09T19:00:00Z","West Ham United","Queens Park Rangers","coolbet","2026-10-09T17:03:57Z","h2h","West Ham United","1.42"
"2026-10-09T17:04:34Z","soccer_efl_champ","2026-10-09T19:00:00Z","West Ham United","Queens Park Rangers","coolbet","2026-10-09T17:03:57Z","h2h","Draw","5.0"
"2026-10-09T17:04:34Z","soccer_efl_champ","2026-10-09T19:00:00Z","West Ham United","Queens Park Rangers","leovegas_se","2026-10-09T17:04:11Z","h2h","Queens Park Rangers","6.4"
"2026-10-09T17:04:34Z","soccer_efl_champ","2026-10-09T19:00:00Z","West Ham United","Queens Park Rangers","leovegas_se","2026-10-09T17:04:11Z","h2h","West Ham United","1.44"
"2026-10-09T17:04:34Z","soccer_efl_champ","2026-10-09T19:00:00Z","West Ham United","Queens Park Rangers","leovegas_se","2026-10-09T17:04:11Z","h2h","Draw","4.75"
"2026-10-09T17:04:34Z","soccer_efl_champ","2026-10-09T19:00:00Z","West Ham United","Queens Park Rangers","unibet_nl","2026-10-09T17:04:26Z","h2h","Queens Park Rangers","6.25"
"2026-10-09T17:04:34Z","soccer_efl_champ","2026-10-09T19:00:00Z","West Ham United","Queens Park Rangers","unibet_nl","2026-10-09T17:04:26Z","h2h","West Ham United","1.43"
"2026-10-09T17:04:34Z","soccer_efl_champ","2026-10-09T19:00:00Z","West Ham United","Queens Park Rangers","unibet_nl","2026-10-09T17:04:26Z","h2h","Draw","4.6"
"2026-10-09T17:04:34Z","soccer_efl_champ","2026-10-09T19:00:00Z","West Ham United","Queens Park Rangers","svenskaspel_se","2026-10-09T17:03:54Z","h2h","Queens Park Rangers","6.4"
"2026-10-09T17:04:34Z","soccer_efl_champ","2026-10-09T19:00:00Z","West Ham United","Queens Park Rangers","svenskaspel_se","2026-10-09T17:03:54Z","h2h","West Ham United","1.44"
"2026-10-09T17:04:34Z","soccer_efl_champ","2026-10-09T19:00:00Z","West Ham United","Queens Park Rangers","svenskaspel_se","2026-10-09T17:03:54Z","h2h","Draw","4.75"
"2026-10-09T17:04:34Z","soccer_efl_champ","2026-10-09T19:00:00Z","West Ham United","Queens Park Rangers","atg_se","2026-10-09T17:04:26Z","h2h","Queens Park Rangers","6.4"
"2026-10-09T17:04:34Z","soccer_efl_champ","2026-10-09T19:00:00Z","West Ham United","Queens Park Rangers","atg_se","2026-10-09T17:04:26Z","h2h","West Ham United","1.44"
"2026-10-09T17:04:34Z","soccer_efl_champ","2026-10-09T19:00:00Z","West Ham United","Queens Park Rangers","atg_se","2026-10-09T17:04:26Z","h2h","Draw","4.75"
"2026-10-09T17:04:34Z","soccer_efl_champ","2026-10-09T19:00:00Z","West Ham United","Queens Park Rangers","unibet_se","2026-10-09T17:04:12Z","h2h","Queens Park Rangers","6.25"
"2026-10-09T17:04:34Z","soccer_efl_champ","2026-10-09T19:00:00Z","West Ham United","Queens Park Rangers","unibet_se","2026-10-09T17:04:12Z","h2h","West Ham United","1.43"
"2026-10-09T17:04:34Z","soccer_efl_champ","2026-10-09T19:00:00Z","West Ham United","Queens Park Rangers","unibet_se","2026-10-09T17:04:12Z","h2h","Draw","4.6"
"2026-10-09T17:04:34Z","soccer_efl_champ","2026-10-09T19:00:00Z","West Ham United","Queens Park Rangers","expekt_se","2026-10-09T17:03:55Z","h2h","Queens Park Rangers","6.25"
"2026-10-09T17:04:34Z","soccer_efl_champ","2026-10-09T19:00:00Z","West Ham United","Queens Park Rangers","expekt_se","2026-10-09T17:03:55Z","h2h","West Ham United","1.43"
"2026-10-09T17:04:34Z","soccer_efl_champ","2026-10-09T19:00:00Z","West Ham United","Queens Park Rangers","expekt_se","2026-10-09T17:03:55Z","h2h","Draw","4.6"
"2026-10-09T17:04:34Z","soccer_efl_champ","2026-10-09T19:00:00Z","West Ham United","Queens Park Rangers","betmgm_se","2026-10-09T17:04:26Z","h2h","Queens Park Rangers","6.1"
"2026-10-09T17:04:34Z","soccer_efl_champ","2026-10-09T19:00:00Z","West Ham United","Queens Park Rangers","betmgm_se","2026-10-09T17:04:26Z","h2h","West Ham United","1.42"
"2026-10-09T17:04:34Z","soccer_efl_champ","2026-10-09T19:00:00Z","West Ham United","Queens Park Rangers","betmgm_se","2026-10-09T17:04:26Z","h2h","Draw","4.5"
"2026-10-09T17:04:34Z","soccer_efl_champ","2026-10-09T19:00:00Z","West Ham United","Queens Park Rangers","gtbets","2026-10-09T17:04:28Z","h2h","Queens Park Rangers","6.37"
"2026-10-09T17:04:34Z","soccer_efl_champ","2026-10-09T19:00:00Z","West Ham United","Queens Park Rangers","gtbets","2026-10-09T17:04:28Z","h2h","West Ham United","1.47"
"2026-10-09T17:04:34Z","soccer_efl_champ","2026-10-09T19:00:00Z","West Ham United","Queens Park Rangers","gtbets","2026-10-09T17:04:28Z","h2h","Draw","4.9"
"2026-10-09T17:04:34Z","soccer_efl_champ","2026-10-09T19:00:00Z","West Ham United","Queens Park Rangers","matchbook","2026-10-09T17:04:26Z","h2h","Queens Park Rangers","7.0"
"2026-10-09T17:04:34Z","soccer_efl_champ","2026-10-09T19:00:00Z","West Ham United","Queens Park Rangers","matchbook","2026-10-09T17:04:26Z","h2h","West Ham United","1.47"
"2026-10-09T17:04:34Z","soccer_efl_champ","2026-10-09T19:00:00Z","West Ham United","Queens Park Rangers","matchbook","2026-10-09T17:04:26Z","h2h","Draw","5.5"
"2026-10-09T17:04:34Z","soccer_efl_champ","2026-10-09T19:00:00Z","West Ham United","Queens Park Rangers","matchbook","2026-10-09T17:04:26Z","h2h_lay","Queens Park Rangers","7.2"
"2026-10-09T17:04:34Z","soccer_efl_champ","2026-10-09T19:00:00Z","West Ham United","Queens Park Rangers","matchbook","2026-10-09T17:04:26Z","h2h_lay","West Ham United","1.48"
"2026-10-09T17:04:34Z","soccer_efl_champ","2026-10-09T19:00:00Z","West Ham United","Queens Park Rangers","matchbook","2026-10-09T17:04:26Z","h2h_lay","Draw","5.6"
"2026-10-09T17:04:34Z","soccer_efl_champ","2026-10-09T19:00:00Z","West Ham United","Queens Park Rangers","betonlineag","2026-10-09T17:03:54Z","h2h","Queens Park Rangers","6.41"
"2026-10-09T17:04:34Z","soccer_efl_champ","2026-10-09T19:00:00Z","West Ham United","Queens Park Rangers","betonlineag","2026-10-09T17:03:54Z","h2h","West Ham United","1.43"
"2026-10-09T17:04:34Z","soccer_efl_champ","2026-10-09T19:00:00Z","West Ham United","Queens Park Rangers","betonlineag","2026-10-09T17:03:54Z","h2h","Draw","5.19"
"2026-10-09T17:04:34Z","soccer_spain_la_liga","2026-10-09T19:00:00Z","Málaga","Espanyol","pinnacle","2026-10-09T17:04:12Z","h2h","Espanyol","2.61"
"2026-10-09T17:04:34Z","soccer_spain_la_liga","2026-10-09T19:00:00Z","Málaga","Espanyol","pinnacle","2026-10-09T17:04:12Z","h2h","Málaga","3.0"
"2026-10-09T17:04:34Z","soccer_spain_la_liga","2026-10-09T19:00:00Z","Málaga","Espanyol","pinnacle","2026-10-09T17:04:12Z","h2h","Draw","3.21"
"2026-10-09T17:04:34Z","soccer_spain_la_liga","2026-10-09T19:00:00Z","Málaga","Espanyol","winamax_de","2026-10-09T17:03:42Z","h2h","Espanyol","2.45"
"2026-10-09T17:04:34Z","soccer_spain_la_liga","2026-10-09T19:00:00Z","Málaga","Espanyol","winamax_de","2026-10-09T17:03:42Z","h2h","Málaga","2.85"
"2026-10-09T17:04:34Z","soccer_spain_la_liga","2026-10-09T19:00:00Z","Málaga","Espanyol","winamax_de","2026-10-09T17:03:42Z","h2h","Draw","3.25"
"2026-10-09T17:04:34Z","soccer_spain_la_liga","2026-10-09T19:00:00Z","Málaga","Espanyol","unibet_fr","2026-10-09T17:04:11Z","h2h","Espanyol","2.4"
"2026-10-09T17:04:34Z","soccer_spain_la_liga","2026-10-09T19:00:00Z","Málaga","Espanyol","unibet_fr","2026-10-09T17:04:11Z","h2h","Málaga","2.7"
"2026-10-09T17:04:34Z","soccer_spain_la_liga","2026-10-09T19:00:00Z","Málaga","Espanyol","unibet_fr","2026-10-09T17:04:11Z","h2h","Draw","3.1"
"2026-10-09T17:04:34Z","soccer_spain_la_liga","2026-10-09T19:00:00Z","Málaga","Espanyol","betclic_fr","2026-10-09T17:04:23Z","h2h","Espanyol","2.48"
"2026-10-09T17:04:34Z","soccer_spain_la_liga","2026-10-09T19:00:00Z","Málaga","Espanyol","betclic_fr","2026-10-09T17:04:23Z","h2h","Málaga","2.82"
"2026-10-09T17:04:34Z","soccer_spain_la_liga","2026-10-09T19:00:00Z","Málaga","Espanyol","betclic_fr","2026-10-09T17:04:23Z","h2h","Draw","3.2"
"2026-10-09T17:04:34Z","soccer_spain_la_liga","2026-10-09T19:00:00Z","Málaga","Espanyol","hajper_se","2026-10-09T17:04:11Z","h2h","Espanyol","2.6"
"2026-10-09T17:04:34Z","soccer_spain_la_liga","2026-10-09T19:00:00Z","Málaga","Espanyol","hajper_se","2026-10-09T17:04:11Z","h2h","Málaga","2.85"
"2026-10-09T17:04:34Z","soccer_spain_la_liga","2026-10-09T19:00:00Z","Málaga","Espanyol","hajper_se","2026-10-09T17:04:11Z","h2h","Draw","3.25"
"2026-10-09T17:04:34Z","soccer_spain_la_liga","2026-10-09T19:00:00Z","Málaga","Espanyol","winamax_fr","2026-10-09T17:03:57Z","h2h","Espanyol","2.4"
"2026-10-09T17:04:34Z","soccer_spain_la_liga","2026-10-09T19:00:00Z","Málaga","Espanyol","winamax_fr","2026-10-09T17:03:57Z","h2h","Málaga","2.75"
"2026-10-09T17:04:34Z","soccer_spain_la_liga","2026-10-09T19:00:00Z","Málaga","Espanyol","winamax_fr","2026-10-09T17:03:57Z","h2h","Draw","3.15"
"2026-10-09T17:04:34Z","soccer_spain_la_liga","2026-10-09T19:00:00Z","Málaga","Espanyol","codere_it","2026-10-09T17:03:56Z","h2h","Espanyol","2.55"
"2026-10-09T17:04:34Z","soccer_spain_la_liga","2026-10-09T19:00:00Z","Málaga","Espanyol","codere_it","2026-10-09T17:03:56Z","h2h","Málaga","2.85"
"2026-10-09T17:04:34Z","soccer_spain_la_liga","2026-10-09T19:00:00Z","Málaga","Espanyol","codere_it","2026-10-09T17:03:56Z","h2h","Draw","3.25"
"2026-10-09T17:04:34Z","soccer_spain_la_liga","2026-10-09T19:00:00Z","Málaga","Espanyol","unibet_se","2026-10-09T17:04:29Z","h2h","Espanyol","2.7"
"2026-10-09T17:04:34Z","soccer_spain_la_liga","2026-10-09T19:00:00Z","Málaga","Espanyol","unibet_se","2026-10-09T17:04:29Z","h2h","Málaga","2.85"
"2026-10-09T17:04:34Z","soccer_spain_la_liga","2026-10-09T19:00:00Z","Málaga","Espanyol","unibet_se","2026-10-09T17:04:29Z","h2h","Draw","3.2"
"2026-10-09T17:04:34Z","soccer_spain_la_liga","2026-10-09T19:00:00Z","Málaga","Espanyol","betmgm_se","2026-10-09T17:03:57Z","h2h","Espanyol","2.55"
"2026-10-09T17:04:34Z","soccer_spain_la_liga","2026-10-09T19:00:00Z","Málaga","Espanyol","betmgm_se","2026-10-09T17:03:57Z","h2h","Málaga","2.7"
"2026-10-09T17:04:34Z","soccer_spain_la_liga","2026-10-09T19:00:00Z","Málaga","Espanyol","betmgm_se","2026-10-09T17:03:57Z","h2h","Draw","3.05"
"2026-10-09T17:04:34Z","soccer_spain_la_liga","2026-10-09T19:00:00Z","Málaga","Espanyol","unibet_nl","2026-10-09T17:04:28Z","h2h","Espanyol","2.7"
"2026-10-09T17:04:34Z","soccer_spain_la_liga","2026-10-09T19:00:00Z","Málaga","Espanyol","unibet_nl","2026-10-09T17:04:28Z","h2h","Málaga","2.88"
"2026-10-09T17:04:34Z","soccer_spain_la_liga","2026-10-09T19:00:00Z","Málaga","Espanyol","unibet_nl","2026-10-09T17:04:28Z","h2h","Draw","3.25"
"2026-10-09T17:04:34Z","soccer_spain_la_liga","2026-10-09T19:00:00Z","Málaga","Espanyol","expekt_se","2026-10-09T17:03:43Z","h2h","Espanyol","2.65"
"2026-10-09T17:04:34Z","soccer_spain_la_liga","2026-10-09T19:00:00Z","Málaga","Espanyol","expekt_se","2026-10-09T17:03:43Z","h2h","Málaga","2.8"
"2026-10-09T17:04:34Z","soccer_spain_la_liga","2026-10-09T19:00:00Z","Málaga","Espanyol","expekt_se","2026-10-09T17:03:43Z","h2h","Draw","3.15"
"2026-10-09T17:04:34Z","soccer_spain_la_liga","2026-10-09T19:00:00Z","Málaga","Espanyol","leovegas_se","2026-10-09T17:03:41Z","h2h","Espanyol","2.55"
"2026-10-09T17:04:34Z","soccer_spain_la_liga","2026-10-09T19:00:00Z","Málaga","Espanyol","leovegas_se","2026-10-09T17:03:41Z","h2h","Málaga","2.7"
"2026-10-09T17:04:34Z","soccer_spain_la_liga","2026-10-09T19:00:00Z","Málaga","Espanyol","leovegas_se","2026-10-09T17:03:41Z","h2h","Draw","3.05"
"2026-10-09T17:04:34Z","soccer_spain_la_liga","2026-10-09T19:00:00Z","Málaga","Espanyol","svenskaspel_se","2026-10-09T17:04:11Z","h2h","Espanyol","2.7"
"2026-10-09T17:04:34Z","soccer_spain_la_liga","2026-10-09T19:00:00Z","Málaga","Espanyol","svenskaspel_se","2026-10-09T17:04:11Z","h2h","Málaga","2.85"
"2026-10-09T17:04:34Z","soccer_spain_la_liga","2026-10-09T19:00:00Z","Málaga","Espanyol","svenskaspel_se","2026-10-09T17:04:11Z","h2h","Draw","3.2"
"2026-10-09T17:04:34Z","soccer_spain_la_liga","2026-10-09T19:00:00Z","Málaga","Espanyol","atg_se","2026-10-09T17:04:29Z","h2h","Espanyol","2.75"
"2026-10-09T17:04:34Z","soccer_spain_la_liga","2026-10-09T19:00:00Z","Málaga","Espanyol","atg_se","2026-10-09T17:04:29Z","h2h","Málaga","2.85"
"2026-10-09T17:04:34Z","soccer_spain_la_liga","2026-10-09T19:00:00Z","Málaga","Espanyol","atg_se","2026-10-09T17:04:29Z","h2h","Draw","3.2"
"2026-10-09T17:04:34Z","soccer_spain_la_liga","2026-10-09T19:00:00Z","Málaga","Espanyol","onexbet","2026-10-09T17:04:11Z","h2h","Espanyol","2.66"
"2026-10-09T17:04:34Z","soccer_spain_la_liga","2026-10-09T19:00:00Z","Málaga","Espanyol","onexbet","2026-10-09T17:04:11Z","h2h","Málaga","2.96"
"2026-10-09T17:04:34Z","soccer_spain_la_liga","2026-10-09T19:00:00Z","Málaga","Espanyol","onexbet","2026-10-09T17:04:11Z","h2h","Draw","3.31"
"2026-10-09T17:04:34Z","soccer_spain_la_liga","2026-10-09T19:00:00Z","Málaga","Espanyol","mrgreen_se","2026-10-09T17:03:55Z","h2h","Espanyol","2.5"
"2026-10-09T17:04:34Z","soccer_spain_la_liga","2026-10-09T19:00:00Z","Málaga","Espanyol","mrgreen_se","2026-10-09T17:03:55Z","h2h","Málaga","2.8"
"2026-10-09T17:04:34Z","soccer_spain_la_liga","2026-10-09T19:00:00Z","Málaga","Espanyol","mrgreen_se","2026-10-09T17:03:55Z","h2h","Draw","3.1"
"2026-10-09T17:04:34Z","soccer_spain_la_liga","2026-10-09T19:00:00Z","Málaga","Espanyol","williamhill","2026-10-09T17:03:39Z","h2h","Espanyol","2.5"
"2026-10-09T17:04:34Z","soccer_spain_la_liga","2026-10-09T19:00:00Z","Málaga","Espanyol","williamhill","2026-10-09T17:03:39Z","h2h","Málaga","2.8"
"2026-10-09T17:04:34Z","soccer_spain_la_liga","2026-10-09T19:00:00Z","Málaga","Espanyol","williamhill","2026-10-09T17:03:39Z","h2h","Draw","3.1"
"2026-10-09T17:04:34Z","soccer_spain_la_liga","2026-10-09T19:00:00Z","Málaga","Espanyol","nordicbet","2026-10-09T17:03:41Z","h2h","Espanyol","2.52"
"2026-10-09T17:04:34Z","soccer_spain_la_liga","2026-10-09T19:00:00Z","Málaga","Espanyol","nordicbet","2026-10-09T17:03:41Z","h2h","Málaga","2.9"
"2026-10-09T17:04:34Z","soccer_spain_la_liga","2026-10-09T19:00:00Z","Málaga","Espanyol","nordicbet","2026-10-09T17:03:41Z","h2h","Draw","3.15"
"2026-10-09T17:04:34Z","soccer_spain_la_liga","2026-10-09T19:00:00Z","Málaga","Espanyol","betsson","2026-10-09T17:03:41Z","h2h","Espanyol","2.52"
"2026-10-09T17:04:34Z","soccer_spain_la_liga","2026-10-09T19:00:00Z","Málaga","Espanyol","betsson","2026-10-09T17:03:41Z","h2h","Málaga","2.92"
"2026-10-09T17:04:34Z","soccer_spain_la_liga","2026-10-09T19:00:00Z","Málaga","Espanyol","betsson","2026-10-09T17:03:41Z","h2h","Draw","3.15"
"2026-10-09T17:04:34Z","soccer_spain_la_liga","2026-10-09T19:00:00Z","Málaga","Espanyol","betinia_se","2026-10-09T17:03:57Z","h2h","Espanyol","2.55"
"2026-10-09T17:04:34Z","soccer_spain_la_liga","2026-10-09T19:00:00Z","Málaga","Espanyol","betinia_se","2026-10-09T17:03:57Z","h2h","Málaga","2.9"
"2026-10-09T17:04:34Z","soccer_spain_la_liga","2026-10-09T19:00:00Z","Málaga","Espanyol","betinia_se","2026-10-09T17:03:57Z","h2h","Draw","3.2"
"2026-10-09T17:04:34Z","soccer_spain_la_liga","2026-10-09T19:00:00Z","Málaga","Espanyol","campobet_se","2026-10-09T17:04:28Z","h2h","Espanyol","2.55"
"2026-10-09T17:04:34Z","soccer_spain_la_liga","2026-10-09T19:00:00Z","Málaga","Espanyol","campobet_se","2026-10-09T17:04:28Z","h2h","Málaga","2.9"
"2026-10-09T17:04:34Z","soccer_spain_la_liga","2026-10-09T19:00:00Z","Málaga","Espanyol","campobet_se","2026-10-09T17:04:28Z","h2h","Draw","3.2"
"2026-10-09T17:04:34Z","soccer_spain_la_liga","2026-10-09T19:00:00Z","Málaga","Espanyol","tipico_de","2026-10-09T17:04:11Z","h2h","Espanyol","2.45"
"2026-10-09T17:04:34Z","soccer_spain_la_liga","2026-10-09T19:00:00Z","Málaga","Espanyol","tipico_de","2026-10-09T17:04:11Z","h2h","Málaga","2.95"
"2026-10-09T17:04:34Z","soccer_spain_la_liga","2026-10-09T19:00:00Z","Málaga","Espanyol","tipico_de","2026-10-09T17:04:11Z","h2h","Draw","3.2"
"2026-10-09T17:04:34Z","soccer_spain_la_liga","2026-10-09T19:00:00Z","Málaga","Espanyol","everygame","2026-10-09T17:00:05Z","h2h","Espanyol","2.55"
"2026-10-09T17:04:34Z","soccer_spain_la_liga","2026-10-09T19:00:00Z","Málaga","Espanyol","everygame","2026-10-09T17:00:05Z","h2h","Málaga","2.9"
"2026-10-09T17:04:34Z","soccer_spain_la_liga","2026-10-09T19:00:00Z","Málaga","Espanyol","everygame","2026-10-09T17:00:05Z","h2h","Draw","3.1"
"2026-10-09T17:04:34Z","soccer_spain_la_liga","2026-10-09T19:00:00Z","Málaga","Espanyol","coolbet","2026-10-09T17:03:56Z","h2h","Espanyol","2.65"
"2026-10-09T17:04:34Z","soccer_spain_la_liga","2026-10-09T19:00:00Z","Málaga","Espanyol","coolbet","2026-10-09T17:03:56Z","h2h","Málaga","2.98"
"2026-10-09T17:04:34Z","soccer_spain_la_liga","2026-10-09T19:00:00Z","Málaga","Espanyol","coolbet","2026-10-09T17:03:56Z","h2h","Draw","3.15"
"2026-10-09T17:04:34Z","soccer_spain_la_liga","2026-10-09T19:00:00Z","Málaga","Espanyol","betfair_ex_eu","2026-10-09T17:04:27Z","h2h","Espanyol","2.68"
"2026-10-09T17:04:34Z","soccer_spain_la_liga","2026-10-09T19:00:00Z","Málaga","Espanyol","betfair_ex_eu","2026-10-09T17:04:27Z","h2h","Málaga","3.05"
"2026-10-09T17:04:34Z","soccer_spain_la_liga","2026-10-09T19:00:00Z","Málaga","Espanyol","betfair_ex_eu","2026-10-09T17:04:27Z","h2h","Draw","3.3"
"2026-10-09T17:04:34Z","soccer_spain_la_liga","2026-10-09T19:00:00Z","Málaga","Espanyol","betfair_ex_eu","2026-10-09T17:04:27Z","h2h_lay","Espanyol","2.7"
"2026-10-09T17:04:34Z","soccer_spain_la_liga","2026-10-09T19:00:00Z","Málaga","Espanyol","betfair_ex_eu","2026-10-09T17:04:27Z","h2h_lay","Málaga","3.1"
"2026-10-09T17:04:34Z","soccer_spain_la_liga","2026-10-09T19:00:00Z","Málaga","Espanyol","betfair_ex_eu","2026-10-09T17:04:27Z","h2h_lay","Draw","3.35"
"2026-10-09T17:04:34Z","soccer_spain_la_liga","2026-10-09T19:00:00Z","Málaga","Espanyol","matchbook","2026-10-09T17:04:27Z","h2h","Espanyol","2.68"
"2026-10-09T17:04:34Z","soccer_spain_la_liga","2026-10-09T19:00:00Z","Málaga","Espanyol","matchbook","2026-10-09T17:04:27Z","h2h","Málaga","3.05"
"2026-10-09T17:04:34Z","soccer_spain_la_liga","2026-10-09T19:00:00Z","Málaga","Espanyol","matchbook","2026-10-09T17:04:27Z","h2h","Draw","3.3"
"2026-10-09T17:04:34Z","soccer_spain_la_liga","2026-10-09T19:00:00Z","Málaga","Espanyol","matchbook","2026-10-09T17:04:27Z","h2h_lay","Espanyol","2.7"
"2026-10-09T17:04:34Z","soccer_spain_la_liga","2026-10-09T19:00:00Z","Málaga","Espanyol","matchbook","2026-10-09T17:04:27Z","h2h_lay","Málaga","3.1"
"2026-10-09T17:04:34Z","soccer_spain_la_liga","2026-10-09T19:00:00Z","Málaga","Espanyol","matchbook","2026-10-09T17:04:27Z","h2h_lay","Draw","3.35"
"2026-10-09T17:04:34Z","soccer_spain_la_liga","2026-10-09T19:00:00Z","Málaga","Espanyol","betonlineag","2026-10-09T17:03:55Z","h2h","Espanyol","2.6"
"2026-10-09T17:04:34Z","soccer_spain_la_liga","2026-10-09T19:00:00Z","Málaga","Espanyol","betonlineag","2026-10-09T17:03:55Z","h2h","Málaga","2.93"
"2026-10-09T17:04:34Z","soccer_spain_la_liga","2026-10-09T19:00:00Z","Málaga","Espanyol","betonlineag","2026-10-09T17:03:55Z","h2h","Draw","3.24"
"2026-10-09T17:04:34Z","soccer_germany_bundesliga","2026-10-09T18:30:00Z","Borussia Dortmund","Werder Bremen","pinnacle","2026-10-09T17:04:24Z","h2h","Borussia Dortmund","1.37"
"2026-10-09T17:04:34Z","soccer_germany_bundesliga","2026-10-09T18:30:00Z","Borussia Dortmund","Werder Bremen","pinnacle","2026-10-09T17:04:24Z","h2h","Werder Bremen","8.25"
"2026-10-09T17:04:34Z","soccer_germany_bundesliga","2026-10-09T18:30:00Z","Borussia Dortmund","Werder Bremen","pinnacle","2026-10-09T17:04:24Z","h2h","Draw","5.5"
"2026-10-09T17:04:34Z","soccer_germany_bundesliga","2026-10-09T18:30:00Z","Borussia Dortmund","Werder Bremen","betclic_fr","2026-10-09T17:02:57Z","h2h","Borussia Dortmund","1.31"
"2026-10-09T17:04:34Z","soccer_germany_bundesliga","2026-10-09T18:30:00Z","Borussia Dortmund","Werder Bremen","betclic_fr","2026-10-09T17:02:57Z","h2h","Werder Bremen","8.0"
"2026-10-09T17:04:34Z","soccer_germany_bundesliga","2026-10-09T18:30:00Z","Borussia Dortmund","Werder Bremen","betclic_fr","2026-10-09T17:02:57Z","h2h","Draw","5.5"
"2026-10-09T17:04:34Z","soccer_germany_bundesliga","2026-10-09T18:30:00Z","Borussia Dortmund","Werder Bremen","betinia_se","2026-10-09T17:03:52Z","h2h","Borussia Dortmund","1.36"
"2026-10-09T17:04:34Z","soccer_germany_bundesliga","2026-10-09T18:30:00Z","Borussia Dortmund","Werder Bremen","betinia_se","2026-10-09T17:03:52Z","h2h","Werder Bremen","7.5"
"2026-10-09T17:04:34Z","soccer_germany_bundesliga","2026-10-09T18:30:00Z","Borussia Dortmund","Werder Bremen","betinia_se","2026-10-09T17:03:52Z","h2h","Draw","5.5"
"2026-10-09T17:04:34Z","soccer_germany_bundesliga","2026-10-09T18:30:00Z","Borussia Dortmund","Werder Bremen","campobet_se","2026-10-09T17:04:08Z","h2h","Borussia Dortmund","1.36"
"2026-10-09T17:04:34Z","soccer_germany_bundesliga","2026-10-09T18:30:00Z","Borussia Dortmund","Werder Bremen","campobet_se","2026-10-09T17:04:08Z","h2h","Werder Bremen","7.5"
"2026-10-09T17:04:34Z","soccer_germany_bundesliga","2026-10-09T18:30:00Z","Borussia Dortmund","Werder Bremen","campobet_se","2026-10-09T17:04:08Z","h2h","Draw","5.5"
"2026-10-09T17:04:34Z","soccer_germany_bundesliga","2026-10-09T18:30:00Z","Borussia Dortmund","Werder Bremen","onexbet","2026-10-09T17:03:34Z","h2h","Borussia Dortmund","1.37"
"2026-10-09T17:04:34Z","soccer_germany_bundesliga","2026-10-09T18:30:00Z","Borussia Dortmund","Werder Bremen","onexbet","2026-10-09T17:03:34Z","h2h","Werder Bremen","8.9"
"2026-10-09T17:04:34Z","soccer_germany_bundesliga","2026-10-09T18:30:00Z","Borussia Dortmund","Werder Bremen","onexbet","2026-10-09T17:03:34Z","h2h","Draw","5.74"
"2026-10-09T17:04:34Z","soccer_germany_bundesliga","2026-10-09T18:30:00Z","Borussia Dortmund","Werder Bremen","winamax_de","2026-10-09T17:04:09Z","h2h","Borussia Dortmund","1.31"
"2026-10-09T17:04:34Z","soccer_germany_bundesliga","2026-10-09T18:30:00Z","Borussia Dortmund","Werder Bremen","winamax_de","2026-10-09T17:04:09Z","h2h","Werder Bremen","7.25"
"2026-10-09T17:04:34Z","soccer_germany_bundesliga","2026-10-09T18:30:00Z","Borussia Dortmund","Werder Bremen","winamax_de","2026-10-09T17:04:09Z","h2h","Draw","5.9"
"2026-10-09T17:04:34Z","soccer_germany_bundesliga","2026-10-09T18:30:00Z","Borussia Dortmund","Werder Bremen","winamax_fr","2026-10-09T17:04:09Z","h2h","Borussia Dortmund","1.3"
"2026-10-09T17:04:34Z","soccer_germany_bundesliga","2026-10-09T18:30:00Z","Borussia Dortmund","Werder Bremen","winamax_fr","2026-10-09T17:04:09Z","h2h","Werder Bremen","7.0"
"2026-10-09T17:04:34Z","soccer_germany_bundesliga","2026-10-09T18:30:00Z","Borussia Dortmund","Werder Bremen","winamax_fr","2026-10-09T17:04:09Z","h2h","Draw","5.7"
"2026-10-09T17:04:34Z","soccer_germany_bundesliga","2026-10-09T18:30:00Z","Borussia Dortmund","Werder Bremen","codere_it","2026-10-09T17:03:52Z","h2h","Borussia Dortmund","1.33"
"2026-10-09T17:04:34Z","soccer_germany_bundesliga","2026-10-09T18:30:00Z","Borussia Dortmund","Werder Bremen","codere_it","2026-10-09T17:03:52Z","h2h","Werder Bremen","8.0"
"2026-10-09T17:04:34Z","soccer_germany_bundesliga","2026-10-09T18:30:00Z","Borussia Dortmund","Werder Bremen","codere_it","2026-10-09T17:03:52Z","h2h","Draw","5.8"
"2026-10-09T17:04:34Z","soccer_germany_bundesliga","2026-10-09T18:30:00Z","Borussia Dortmund","Werder Bremen","unibet_fr","2026-10-09T17:03:34Z","h2h","Borussia Dortmund","1.29"
"2026-10-09T17:04:34Z","soccer_germany_bundesliga","2026-10-09T18:30:00Z","Borussia Dortmund","Werder Bremen","unibet_fr","2026-10-09T17:03:34Z","h2h","Werder Bremen","7.7"
"2026-10-09T17:04:34Z","soccer_germany_bundesliga","2026-10-09T18:30:00Z","Borussia Dortmund","Werder Bremen","unibet_fr","2026-10-09T17:03:34Z","h2h","Draw","5.6"
"2026-10-09T17:04:34Z","soccer_germany_bundesliga","2026-10-09T18:30:00Z","Borussia Dortmund","Werder Bremen","hajper_se","2026-10-09T17:03:35Z","h2h","Borussia Dortmund","1.34"
"2026-10-09T17:04:34Z","soccer_germany_bundesliga","2026-10-09T18:30:00Z","Borussia Dortmund","Werder Bremen","hajper_se","2026-10-09T17:03:35Z","h2h","Werder Bremen","8.2"
"2026-10-09T17:04:34Z","soccer_germany_bundesliga","2026-10-09T18:30:00Z","Borussia Dortmund","Werder Bremen","hajper_se","2026-10-09T17:03:35Z","h2h","Draw","5.9"
"2026-10-09T17:04:34Z","soccer_germany_bundesliga","2026-10-09T18:30:00Z","Borussia Dortmund","Werder Bremen","sport888","2026-10-09T17:04:24Z","h2h","Borussia Dortmund","1.33"
"2026-10-09T17:04:34Z","soccer_germany_bundesliga","2026-10-09T18:30:00Z","Borussia Dortmund","Werder Bremen","sport888","2026-10-09T17:04:24Z","h2h","Werder Bremen","7.5"
"2026-10-09T17:04:34Z","soccer_germany_bundesliga","2026-10-09T18:30:00Z","Borussia Dortmund","Werder Bremen","sport888","2026-10-09T17:04:24Z","h2h","Draw","5.0"
"2026-10-09T17:04:34Z","soccer_germany_bundesliga","2026-10-09T18:30:00Z","Borussia Dortmund","Werder Bremen","mrgreen_se","2026-10-09T17:03:52Z","h2h","Borussia Dortmund","1.33"
"2026-10-09T17:04:34Z","soccer_germany_bundesliga","2026-10-09T18:30:00Z","Borussia Dortmund","Werder Bremen","mrgreen_se","2026-10-09T17:03:52Z","h2h","Werder Bremen","7.5"
"2026-10-09T17:04:34Z","soccer_germany_bundesliga","2026-10-09T18:30:00Z","Borussia Dortmund","Werder Bremen","mrgreen_se","2026-10-09T17:03:52Z","h2h","Draw","5.0"
"2026-10-09T17:04:34Z","soccer_germany_bundesliga","2026-10-09T18:30:00Z","Borussia Dortmund","Werder Bremen","sport888_se","2026-10-09T17:04:24Z","h2h","Borussia Dortmund","1.33"
"2026-10-09T17:04:34Z","soccer_germany_bundesliga","2026-10-09T18:30:00Z","Borussia Dortmund","Werder Bremen","sport888_se","2026-10-09T17:04:24Z","h2h","Werder Bremen","7.5"
"2026-10-09T17:04:34Z","soccer_germany_bundesliga","2026-10-09T18:30:00Z","Borussia Dortmund","Werder Bremen","sport888_se","2026-10-09T17:04:24Z","h2h","Draw","5.0"
"2026-10-09T17:04:34Z","soccer_germany_bundesliga","2026-10-09T18:30:00Z","Borussia Dortmund","Werder Bremen","williamhill","2026-10-09T17:03:34Z","h2h","Borussia Dortmund","1.33"
"2026-10-09T17:04:34Z","soccer_germany_bundesliga","2026-10-09T18:30:00Z","Borussia Dortmund","Werder Bremen","williamhill","2026-10-09T17:03:34Z","h2h","Werder Bremen","7.5"
"2026-10-09T17:04:34Z","soccer_germany_bundesliga","2026-10-09T18:30:00Z","Borussia Dortmund","Werder Bremen","williamhill","2026-10-09T17:03:34Z","h2h","Draw","5.0"
"2026-10-09T17:04:34Z","soccer_germany_bundesliga","2026-10-09T18:30:00Z","Borussia Dortmund","Werder Bremen","tipico_de","2026-10-09T17:04:24Z","h2h","Borussia Dortmund","1.33"
"2026-10-09T17:04:34Z","soccer_germany_bundesliga","2026-10-09T18:30:00Z","Borussia Dortmund","Werder Bremen","tipico_de","2026-10-09T17:04:24Z","h2h","Werder Bremen","8.2"
"2026-10-09T17:04:34Z","soccer_germany_bundesliga","2026-10-09T18:30:00Z","Borussia Dortmund","Werder Bremen","tipico_de","2026-10-09T17:04:24Z","h2h","Draw","5.7"
"2026-10-09T17:04:34Z","soccer_germany_bundesliga","2026-10-09T18:30:00Z","Borussia Dortmund","Werder Bremen","nordicbet","2026-10-09T17:04:24Z","h2h","Borussia Dortmund","1.34"
"2026-10-09T17:04:34Z","soccer_germany_bundesliga","2026-10-09T18:30:00Z","Borussia Dortmund","Werder Bremen","nordicbet","2026-10-09T17:04:24Z","h2h","Werder Bremen","9.3"
"2026-10-09T17:04:34Z","soccer_germany_bundesliga","2026-10-09T18:30:00Z","Borussia Dortmund","Werder Bremen","nordicbet","2026-10-09T17:04:24Z","h2h","Draw","4.8"
"2026-10-09T17:04:34Z","soccer_germany_bundesliga","2026-10-09T18:30:00Z","Borussia Dortmund","Werder Bremen","betsson","2026-10-09T17:04:10Z","h2h","Borussia Dortmund","1.34"
"2026-10-09T17:04:34Z","soccer_germany_bundesliga","2026-10-09T18:30:00Z","Borussia Dortmund","Werder Bremen","betsson","2026-10-09T17:04:10Z","h2h","Werder Bremen","9.2"
"2026-10-09T17:04:34Z","soccer_germany_bundesliga","2026-10-09T18:30:00Z","Borussia Dortmund","Werder Bremen","betsson","2026-10-09T17:04:10Z","h2h","Draw","4.75"
"2026-10-09T17:04:34Z","soccer_germany_bundesliga","2026-10-09T18:30:00Z","Borussia Dortmund","Werder Bremen","everygame","2026-10-09T17:01:39Z","h2h","Borussia Dortmund","1.35"
"2026-10-09T17:04:34Z","soccer_germany_bundesliga","2026-10-09T18:30:00Z","Borussia Dortmund","Werder Bremen","everygame","2026-10-09T17:01:39Z","h2h","Werder Bremen","8.0"
"2026-10-09T17:04:34Z","soccer_germany_bundesliga","2026-10-09T18:30:00Z","Borussia Dortmund","Werder Bremen","everygame","2026-10-09T17:01:39Z","h2h","Draw","5.25"
"2026-10-09T17:04:34Z","soccer_germany_bundesliga","2026-10-09T18:30:00Z","Borussia Dortmund","Werder Bremen","coolbet","2026-10-09T17:04:12Z","h2h","Borussia Dortmund","1.36"
"2026-10-09T17:04:34Z","soccer_germany_bundesliga","2026-10-09T18:30:00Z","Borussia Dortmund","Werder Bremen","coolbet","2026-10-09T17:04:12Z","h2h","Werder Bremen","8.18"
"2026-10-09T17:04:34Z","soccer_germany_bundesliga","2026-10-09T18:30:00Z","Borussia Dortmund","Werder Bremen","coolbet","2026-10-09T17:04:12Z","h2h","Draw","5.8"
"2026-10-09T17:04:34Z","soccer_germany_bundesliga","2026-10-09T18:30:00Z","Borussia Dortmund","Werder Bremen","expekt_se","2026-10-09T17:04:25Z","h2h","Borussia Dortmund","1.32"
"2026-10-09T17:04:34Z","soccer_germany_bundesliga","2026-10-09T18:30:00Z","Borussia Dortmund","Werder Bremen","expekt_se","2026-10-09T17:04:25Z","h2h","Werder Bremen","7.5"
"2026-10-09T17:04:34Z","soccer_germany_bundesliga","2026-10-09T18:30:00Z","Borussia Dortmund","Werder Bremen","expekt_se","2026-10-09T17:04:25Z","h2h","Draw","5.4"
"2026-10-09T17:04:34Z","soccer_germany_bundesliga","2026-10-09T18:30:00Z","Borussia Dortmund","Werder Bremen","unibet_se","2026-10-09T17:04:25Z","h2h","Borussia Dortmund","1.36"
"2026-10-09T17:04:34Z","soccer_germany_bundesliga","2026-10-09T18:30:00Z","Borussia Dortmund","Werder Bremen","unibet_se","2026-10-09T17:04:25Z","h2h","Werder Bremen","8.5"
"2026-10-09T17:04:34Z","soccer_germany_bundesliga","2026-10-09T18:30:00Z","Borussia Dortmund","Werder Bremen","unibet_se","2026-10-09T17:04:25Z","h2h","Draw","5.8"
"2026-10-09T17:04:34Z","soccer_germany_bundesliga","2026-10-09T18:30:00Z","Borussia Dortmund","Werder Bremen","leovegas_se","2026-10-09T17:03:52Z","h2h","Borussia Dortmund","1.32"
"2026-10-09T17:04:34Z","soccer_germany_bundesliga","2026-10-09T18:30:00Z","Borussia Dortmund","Werder Bremen","leovegas_se","2026-10-09T17:03:52Z","h2h","Werder Bremen","7.5"
"2026-10-09T17:04:34Z","soccer_germany_bundesliga","2026-10-09T18:30:00Z","Borussia Dortmund","Werder Bremen","leovegas_se","2026-10-09T17:03:52Z","h2h","Draw","5.3"
"2026-10-09T17:04:34Z","soccer_germany_bundesliga","2026-10-09T18:30:00Z","Borussia Dortmund","Werder Bremen","betmgm_se","2026-10-09T17:04:25Z","h2h","Borussia Dortmund","1.32"
"2026-10-09T17:04:34Z","soccer_germany_bundesliga","2026-10-09T18:30:00Z","Borussia Dortmund","Werder Bremen","betmgm_se","2026-10-09T17:04:25Z","h2h","Werder Bremen","7.5"
"2026-10-09T17:04:34Z","soccer_germany_bundesliga","2026-10-09T18:30:00Z","Borussia Dortmund","Werder Bremen","betmgm_se","2026-10-09T17:04:25Z","h2h","Draw","5.3"
"2026-10-09T17:04:34Z","soccer_germany_bundesliga","2026-10-09T18:30:00Z","Borussia Dortmund","Werder Bremen","unibet_nl","2026-10-09T17:04:08Z","h2h","Borussia Dortmund","1.34"
"2026-10-09T17:04:34Z","soccer_germany_bundesliga","2026-10-09T18:30:00Z","Borussia Dortmund","Werder Bremen","unibet_nl","2026-10-09T17:04:08Z","h2h","Werder Bremen","8.0"
"2026-10-09T17:04:34Z","soccer_germany_bundesliga","2026-10-09T18:30:00Z","Borussia Dortmund","Werder Bremen","unibet_nl","2026-10-09T17:04:08Z","h2h","Draw","5.75"
"2026-10-09T17:04:34Z","soccer_germany_bundesliga","2026-10-09T18:30:00Z","Borussia Dortmund","Werder Bremen","atg_se","2026-10-09T17:03:52Z","h2h","Borussia Dortmund","1.36"
"2026-10-09T17:04:34Z","soccer_germany_bundesliga","2026-10-09T18:30:00Z","Borussia Dortmund","Werder Bremen","atg_se","2026-10-09T17:03:52Z","h2h","Werder Bremen","8.5"
"2026-10-09T17:04:34Z","soccer_germany_bundesliga","2026-10-09T18:30:00Z","Borussia Dortmund","Werder Bremen","atg_se","2026-10-09T17:03:52Z","h2h","Draw","5.8"
"2026-10-09T17:04:34Z","soccer_germany_bundesliga","2026-10-09T18:30:00Z","Borussia Dortmund","Werder Bremen","svenskaspel_se","2026-10-09T17:04:25Z","h2h","Borussia Dortmund","1.36"
"2026-10-09T17:04:34Z","soccer_germany_bundesliga","2026-10-09T18:30:00Z","Borussia Dortmund","Werder Bremen","svenskaspel_se","2026-10-09T17:04:25Z","h2h","Werder Bremen","8.5"
"2026-10-09T17:04:34Z","soccer_germany_bundesliga","2026-10-09T18:30:00Z","Borussia Dortmund","Werder Bremen","svenskaspel_se","2026-10-09T17:04:25Z","h2h","Draw","5.8"
"2026-10-09T17:04:34Z","soccer_germany_bundesliga","2026-10-09T18:30:00Z","Borussia Dortmund","Werder Bremen","betfair_ex_eu","2026-10-09T17:03:34Z","h2h","Borussia Dortmund","1.38"
"2026-10-09T17:04:34Z","soccer_germany_bundesliga","2026-10-09T18:30:00Z","Borussia Dortmund","Werder Bremen","betfair_ex_eu","2026-10-09T17:03:34Z","h2h","Werder Bremen","9.0"
"2026-10-09T17:04:34Z","soccer_germany_bundesliga","2026-10-09T18:30:00Z","Borussia Dortmund","Werder Bremen","betfair_ex_eu","2026-10-09T17:03:34Z","h2h","Draw","5.9"
"2026-10-09T17:04:34Z","soccer_germany_bundesliga","2026-10-09T18:30:00Z","Borussia Dortmund","Werder Bremen","betfair_ex_eu","2026-10-09T17:03:34Z","h2h_lay","Borussia Dortmund","1.39"
"2026-10-09T17:04:34Z","soccer_germany_bundesliga","2026-10-09T18:30:00Z","Borussia Dortmund","Werder Bremen","betfair_ex_eu","2026-10-09T17:03:34Z","h2h_lay","Werder Bremen","9.2"
"2026-10-09T17:04:34Z","soccer_germany_bundesliga","2026-10-09T18:30:00Z","Borussia Dortmund","Werder Bremen","betfair_ex_eu","2026-10-09T17:03:34Z","h2h_lay","Draw","6.0"
"2026-10-09T17:04:34Z","soccer_germany_bundesliga","2026-10-09T18:30:00Z","Borussia Dortmund","Werder Bremen","matchbook","2026-10-09T17:04:25Z","h2h","Borussia Dortmund","1.38"
"2026-10-09T17:04:34Z","soccer_germany_bundesliga","2026-10-09T18:30:00Z","Borussia Dortmund","Werder Bremen","matchbook","2026-10-09T17:04:25Z","h2h","Werder Bremen","9.2"
"2026-10-09T17:04:34Z","soccer_germany_bundesliga","2026-10-09T18:30:00Z","Borussia Dortmund","Werder Bremen","matchbook","2026-10-09T17:04:25Z","h2h","Draw","5.9"
"2026-10-09T17:04:34Z","soccer_germany_bundesliga","2026-10-09T18:30:00Z","Borussia Dortmund","Werder Bremen","matchbook","2026-10-09T17:04:25Z","h2h_lay","Borussia Dortmund","1.39"
"2026-10-09T17:04:34Z","soccer_germany_bundesliga","2026-10-09T18:30:00Z","Borussia Dortmund","Werder Bremen","matchbook","2026-10-09T17:04:25Z","h2h_lay","Werder Bremen","9.4"
"2026-10-09T17:04:34Z","soccer_germany_bundesliga","2026-10-09T18:30:00Z","Borussia Dortmund","Werder Bremen","matchbook","2026-10-09T17:04:25Z","h2h_lay","Draw","6.0"
"2026-10-09T17:04:34Z","soccer_germany_bundesliga","2026-10-09T18:30:00Z","Borussia Dortmund","Werder Bremen","gtbets","2026-10-09T17:03:52Z","h2h","Borussia Dortmund","1.37"
"2026-10-09T17:04:34Z","soccer_germany_bundesliga","2026-10-09T18:30:00Z","Borussia Dortmund","Werder Bremen","gtbets","2026-10-09T17:03:52Z","h2h","Werder Bremen","8.05"
"2026-10-09T17:04:34Z","soccer_germany_bundesliga","2026-10-09T18:30:00Z","Borussia Dortmund","Werder Bremen","gtbets","2026-10-09T17:03:52Z","h2h","Draw","5.71"
"2026-10-09T17:04:34Z","soccer_germany_bundesliga","2026-10-09T18:30:00Z","Borussia Dortmund","Werder Bremen","betonlineag","2026-10-09T17:04:09Z","h2h","Borussia Dortmund","1.35"
"2026-10-09T17:04:34Z","soccer_germany_bundesliga","2026-10-09T18:30:00Z","Borussia Dortmund","Werder Bremen","betonlineag","2026-10-09T17:04:09Z","h2h","Werder Bremen","8.5"
"2026-10-09T17:04:34Z","soccer_germany_bundesliga","2026-10-09T18:30:00Z","Borussia Dortmund","Werder Bremen","betonlineag","2026-10-09T17:04:09Z","h2h","Draw","5.65"
